{
    "MAE": 2.496415072074288,
    "RMSE": 3.8934838162615657,
    "R2": 0.8146630209540788
}